config,group,balanced_accuracy_mean,balanced_accuracy_std,balanced_accuracy_median,precision_mean,precision_std,precision_median,recall_mean,recall_std,recall_median,f1_mean,f1_std,f1_median,roc_auc_mean,roc_auc_std,roc_auc_median,average_precision_mean,average_precision_std,average_precision_median,n_seeds
Tuned,Ensemble,0.7698347124798509,0.003995873196620412,0.7692341442696279,0.24799156841253717,0.0022554749665859705,0.2475501944957974,0.691123670212766,0.009902014712081868,0.6886635638297873,0.36416931811212,0.0028740189474029607,0.36379124804035445,0.8564551610018338,0.0026348671019730445,0.8549688948899757,0.3711804979629698,0.006770072989554353,0.370593237106437,10
Tuned,No Ensemble,0.7481598466408326,0.002742281543696819,0.7480319674618874,0.18955780575740655,0.0036693729505147413,0.19030064557822268,0.7184175531914894,0.011433654870569134,0.7218528368794327,0.29945344373508614,0.003455961514857635,0.30029612193144667,0.8229089173330382,0.003331598659455138,0.821833030622432,0.3111837596970161,0.006070804347424547,0.3109141432449937,10
