config,group,balanced_accuracy_mean,balanced_accuracy_std,balanced_accuracy_median,precision_mean,precision_std,precision_median,recall_mean,recall_std,recall_median,f1_mean,f1_std,f1_median,roc_auc_mean,roc_auc_std,roc_auc_median,average_precision_mean,average_precision_std,average_precision_median,n_seeds
Baseline,Ensemble,0.6745938573321631,0.0024491572020635725,0.6744999142440504,0.36200995763605165,0.0036140167056943054,0.36098352791506044,0.3995234929078014,0.005524762604390873,0.39943484042553185,0.3792575198070792,0.0033037252706078516,0.38025398792627185,0.833314719230757,0.0019924083179114296,0.8329163398830866,0.3141113389702107,0.005123631928781467,0.3136699938123385,10
Baseline,No Ensemble,0.7046854226032921,0.0020702557355681897,0.705086910129116,0.1904573423952916,0.0015829820715077105,0.19121190362793528,0.6016622340425533,0.004506864497233173,0.6028922872340425,0.27869942216213195,0.00206766286842063,0.27952674637544017,0.7524921854310479,0.0022081053917812495,0.7528035276096157,0.23432397051309511,0.003791295554001637,0.2343335786664156,10
